{"_runtime":655.940599181,"time/rollout_time":1.5268966020084918,"time/eval_time":4.154303428018466,"eval/episode_len":50,"charts/learning_rate":0.0003000000142492354,"losses/approx_kl":0.11164863407611847,"time/step":4992000,"charts/SPS":7623,"losses/grad_norm":7.929233074188232,"eval/success_at_end":0.9375,"time/total_eval_time":66.10296419379301,"train/reward":0.487741082906723,"_timestamp":1.773199161420624e+09,"eval/reward":0.6327848434448242,"eval/success_once":0.9375,"losses/value_loss":0.01173403486609459,"time/total_rollout+update_time":586.1732594690984,"time/total_update_time":63.49120363511611,"train/success_once":0.05263157933950424,"eval/return":31.639244079589844,"losses/clipfrac":0.4248749911785126,"train/episode_len":50,"_step":4992000,"time/rollout_fps":8383.01688743218,"charts/explained_variance":0.9723795056343079,"losses/policy_loss":0.028305815532803535,"time/total_rollout_time":522.6820558339823,"train/return":24.387054443359375,"losses/entropy":5.850407600402832,"_wandb":{"runtime":655},"time/update_time":0.05928047199267894,"losses/old_approx_kl":0.14590851962566376}