{"eval/episode_len":50,"_runtime":810.232507813,"train/return":3.67387318611145,"losses/approx_kl":0.13181497156620026,"eval/success_once":1,"losses/policy_loss":0.06065060570836067,"losses/old_approx_kl":0.09067484736442566,"train/reward":0.3572450876235962,"eval/reward":0.8651334643363953,"eval/success_at_end":1,"charts/explained_variance":0.9549866914749146,"time/rollout_fps":8484.480548439002,"train/success_once":1,"time/total_eval_time":78.75522633999844,"charts/SPS":6167,"losses/entropy":3.216656446456909,"time/total_update_time":121.85364543999549,"time/step":4992000,"eval/return":43.25667190551758,"time/update_time":0.11724939499981701,"_step":4992000,"losses/grad_norm":16.817140579223633,"losses/value_loss":0.029994066804647446,"time/eval_time":4.435838869999316,"charts/learning_rate":0.0003000000142492354,"_wandb":{"runtime":810},"time/total_rollout_time":604.5584157290004,"time/total_rollout+update_time":726.4120611689959,"losses/clipfrac":0.3943420946598053,"charts/scale_k":4.6015625,"_timestamp":1.7732568908113568e+09,"time/rollout_time":1.5086368490001405,"train/episode_len":10.40000057220459}