{"train/episode_len":24.72727394104004,"time/eval_time":4.116442820999509,"time/update_time":0.01457192199814017,"train/return":12.985915184020996,"losses/clipfrac":0.35600000619888306,"time/step":40000000,"_step":40000000,"train/reward":0.4950352609157562,"eval/reward":0.7481269836425781,"losses/policy_loss":0.04293457791209221,"charts/explained_variance":0.9435805082321167,"losses/approx_kl":0.10638603568077087,"time/rollout_time":1.620682222997857,"eval/episode_len":50,"eval/return":37.406349182128906,"eval/success_once":0.9375,"losses/grad_norm":16.266878128051758,"_wandb":{"runtime":5759},"train/success_once":0.7272727489471436,"time/total_update_time":157.35359284199149,"time/total_eval_time":504.93242442598057,"_timestamp":1.773447696465985e+09,"losses/old_approx_kl":0.06586062163114548,"losses/value_loss":0.038797397166490555,"time/total_rollout_time":5083.716919733248,"losses/entropy":-0.8657418489456177,"_runtime":5759.625583616,"eval/success_at_end":0.625,"time/total_rollout+update_time":5241.070512575239,"time/rollout_fps":7897.90855873226,"charts/learning_rate":0.0003000000142492354,"charts/SPS":6945}