{"time/rollout_time":1.567256221000207,"time/total_rollout+update_time":5086.471278685974,"losses/value_loss":0.01361482311040163,"time/update_time":0.0163460040002974,"_wandb":{"runtime":5598},"charts/learning_rate":0.0003000000142492354,"_timestamp":1.7734314630004516e+09,"charts/SPS":7144,"losses/policy_loss":0.04098179191350937,"charts/explained_variance":0.9731162190437317,"train/reward":0.6577335000038147,"losses/entropy":0.5525001287460327,"train/success_once":0,"train/episode_len":50,"losses/grad_norm":13.303642272949219,"eval/reward":0.6410728096961975,"time/total_eval_time":498.516447915993,"eval/success_once":0,"time/rollout_fps":8167.139379310404,"time/total_update_time":151.1731900619916,"losses/approx_kl":0.11228998750448227,"_runtime":5598.843968343,"eval/episode_len":50,"train/return":32.88667678833008,"time/step":40000000,"time/eval_time":4.0991521529995225,"losses/old_approx_kl":0.08766061812639236,"_step":40000000,"time/total_rollout_time":4935.298088623982,"eval/success_at_end":0,"losses/clipfrac":0.4208333194255829,"eval/return":32.05363845825195}