{"train/reward":0.36725330352783203,"_wandb":{"runtime":255},"eval/success_at_end":0.625,"eval/success_once":0.6875,"charts/learning_rate":0.0003000000142492354,"train/episode_len":50,"time/total_rollout+update_time":213.48104942393547,"eval/episode_len":50,"charts/scale_k":17.742969512939453,"time/total_eval_time":38.616332803998375,"_timestamp":1.7733057536913993e+09,"_runtime":255.151883418,"losses/policy_loss":0.04910464212298393,"time/total_update_time":46.9999645049902,"losses/clipfrac":0.39673081040382385,"time/rollout_time":1.4239878869993845,"charts/SPS":6864,"_step":1740800,"eval/return":29.782821655273438,"time/eval_time":5.882774949001032,"losses/value_loss":0.00824571494013071,"time/rollout_fps":8988.840506903507,"losses/old_approx_kl":0.1530413031578064,"charts/explained_variance":0.9648090600967407,"losses/approx_kl":0.11943861097097397,"train/return":18.36266326904297,"time/total_rollout_time":166.48108491894527,"losses/grad_norm":5.34036111831665,"train/success_once":0,"losses/entropy":7.1111650466918945,"time/update_time":0.10398734899354167,"time/step":1740800,"eval/reward":0.5956563949584961}