{"losses/old_approx_kl":0.1256408393383026,"time/total_rollout_time":522.6750575369733,"time/rollout_time":1.3967536199997994,"charts/scale_k":10.205469131469727,"charts/learning_rate":0.0003000000142492354,"charts/explained_variance":0.9708011746406555,"train/episode_len":32,"eval/reward":0.5892914533615112,"time/eval_time":4.011962042997766,"time/total_rollout+update_time":612.480322451047,"eval/episode_len":50,"time/rollout_fps":9164.107267537876,"charts/SPS":7351,"losses/policy_loss":0.07241271436214447,"train/reward":0.5573298931121826,"eval/success_once":0.8125,"time/update_time":0.04662685699440772,"time/step":4992000,"train/return":17.942670822143555,"train/success_once":0.8571429252624512,"_step":4992000,"losses/approx_kl":0.12240537256002426,"losses/grad_norm":10.740523338317871,"losses/value_loss":0.01520204171538353,"time/total_eval_time":63.91246242399211,"time/total_update_time":89.80526491407363,"losses/clipfrac":0.43516668677330017,"losses/entropy":4.0076446533203125,"_runtime":679.635731449,"_timestamp":1.7733017324760725e+09,"eval/success_at_end":0.1875,"eval/return":29.46457290649414,"_wandb":{"runtime":679}}