{"losses/old_approx_kl":0.09422166645526886,"eval/return":31.763774871826172,"train/episode_len":46.833335876464844,"losses/grad_norm":11.620955467224121,"train/return":26.255386352539062,"losses/policy_loss":0.04339024797081947,"eval/success_at_end":0.3125,"_step":4992000,"time/total_update_time":79.39922994708468,"time/rollout_time":1.3380123140013893,"time/total_rollout_time":521.529833411063,"charts/scale_k":10.289844512939453,"losses/approx_kl":0.11264243721961975,"eval/reward":0.6352754831314087,"losses/entropy":4.700146198272705,"train/reward":0.5631934404373169,"charts/explained_variance":0.9758813381195068,"time/update_time":0.08350030200381298,"time/total_rollout+update_time":600.9290633581477,"losses/value_loss":0.015026168897747993,"_runtime":667.427453576,"eval/success_once":1,"_wandb":{"runtime":667},"time/rollout_fps":9566.429147218378,"charts/SPS":7486,"charts/learning_rate":0.0003000000142492354,"time/step":4992000,"_timestamp":1.7733009852055314e+09,"losses/clipfrac":0.42964285612106323,"train/success_once":0.3333333432674408,"time/eval_time":4.026930528001685,"eval/episode_len":50,"time/total_eval_time":63.22326538999914}