{"time/rollout_fps":7701.038059269765,"losses/clipfrac":0.44874998927116394,"train/reward":0.46470585465431213,"time/step":40000000,"losses/old_approx_kl":0.1065167784690857,"time/rollout_time":1.6621135879977373,"losses/policy_loss":0.05234510451555252,"_step":40000000,"losses/grad_norm":13.767964363098145,"eval/success_once":0.8125,"eval/return":35.83198547363281,"time/update_time":0.027506983002240304,"charts/learning_rate":0.0003000000142492354,"_wandb":{"runtime":5835},"train/success_once":0.9230769872665405,"eval/success_at_end":0,"time/eval_time":4.555029024006217,"losses/approx_kl":0.10293324291706085,"losses/entropy":-1.1764593124389648,"_timestamp":1.773316124460601e+09,"time/total_update_time":189.69242954805668,"_runtime":5835.013684654,"time/total_rollout_time":5052.037514583011,"eval/episode_len":50,"time/total_eval_time":576.7182830970196,"charts/SPS":6856,"losses/value_loss":0.04663483053445816,"time/total_rollout+update_time":5241.729944131068,"charts/explained_variance":0.9435976147651672,"train/return":8.231201171875,"train/episode_len":18.615385055541992,"eval/reward":0.7166397571563721}