{"time/step":4992000,"losses/entropy":4.117051124572754,"time/total_update_time":89.3927608940212,"charts/SPS":7309,"losses/policy_loss":0.04577352851629257,"time/total_rollout+update_time":617.057108304034,"_runtime":683.535120592,"charts/learning_rate":0.0003000000142492354,"_wandb":{"runtime":683},"time/rollout_time":1.4577312729961704,"charts/explained_variance":0.9716733694076538,"eval/reward":0.6071096658706665,"time/total_eval_time":63.27585260000342,"_timestamp":1.773303139276168e+09,"train/return":15.282270431518555,"time/total_rollout_time":527.6643474100129,"eval/success_at_end":0.0625,"losses/grad_norm":10.340478897094727,"time/update_time":0.07547774800332263,"losses/approx_kl":0.10399189591407776,"train/reward":0.39012449979782104,"train/episode_len":42.833335876464844,"time/rollout_fps":8780.767921436798,"losses/clipfrac":0.4122826159000397,"train/success_once":0.3333333432674408,"_step":4992000,"losses/old_approx_kl":0.11957632005214691,"time/eval_time":4.06881415600219,"losses/value_loss":0.013144953176379204,"eval/return":30.355487823486328,"eval/success_once":0.9375,"eval/episode_len":50}