{"_step":28531200,"eval/success_once":0,"charts/SPS":6352,"eval/reward":0.6410418152809143,"eval/return":32.05208969116211,"eval/success_at_end":0,"time/total_update_time":178.77863239620638,"eval/episode_len":50,"losses/clipfrac":0.414166659116745,"losses/entropy":0.15135669708251953,"losses/grad_norm":18.05558967590332,"losses/old_approx_kl":0.07947952300310135,"time/update_time":0.020007436993182637,"charts/explained_variance":0.9745193123817444,"train/episode_len":50,"train/return":32.755279541015625,"time/rollout_fps":7425.50899786949,"losses/approx_kl":0.1244499534368515,"_wandb":{"runtime":4492},"losses/value_loss":0.012516751885414124,"time/eval_time":5.627976075993502,"_timestamp":1.7733207295107684e+09,"train/reward":0.6551055908203125,"_runtime":4492.164412616,"time/total_rollout_time":3666.8140322759864,"time/step":28531200,"time/rollout_time":1.7237875549908495,"charts/learning_rate":0.0003000000142492354,"time/total_rollout+update_time":3845.5926646721928,"train/success_once":0,"losses/policy_loss":0.05677526444196701,"time/total_eval_time":634.3111333649867}