{"eval/reward":0.7252798080444336,"train/success_once":1,"_runtime":837.214357971,"time/total_rollout_time":622.384414113998,"train/reward":0.348787397146225,"losses/approx_kl":0.14164932072162628,"eval/success_once":1,"time/total_rollout+update_time":748.6036347020008,"losses/old_approx_kl":0.1303967982530594,"time/rollout_time":1.3200786529996549,"losses/grad_norm":29.24700927734375,"_timestamp":1.773257789323537e+09,"charts/SPS":5968,"eval/success_at_end":0.6875,"time/rollout_fps":9696.391931582388,"losses/entropy":2.948124885559082,"train/episode_len":10.952381134033203,"eval/return":36.26399230957031,"time/total_update_time":126.21922058800283,"_step":4992000,"losses/clipfrac":0.4323076903820038,"losses/policy_loss":0.1265573352575302,"time/total_eval_time":83.53308476799884,"time/update_time":0.04386354100006429,"eval/episode_len":50,"time/step":4992000,"losses/value_loss":0.025643762201070786,"time/eval_time":4.044953314999475,"train/return":3.77248215675354,"charts/learning_rate":0.0003000000142492354,"charts/explained_variance":0.9451082944869995,"_wandb":{"runtime":837}}