{"train/success_once":0.03846153989434242,"charts/explained_variance":0.970149040222168,"time/total_eval_time":75.09976028639358,"losses/clipfrac":0.4560869634151459,"time/total_rollout+update_time":602.0893327553058,"time/total_rollout_time":539.8676547410432,"time/update_time":0.06688746099825948,"eval/reward":0.49603378772735596,"train/episode_len":49.26923370361328,"losses/grad_norm":4.007929801940918,"time/total_update_time":62.22167801426258,"time/eval_time":5.019538940046914,"losses/entropy":6.18865966796875,"time/step":4992000,"charts/learning_rate":0.0003000000142492354,"_step":4992000,"eval/return":24.80168914794922,"losses/approx_kl":0.10146292299032211,"losses/policy_loss":0.017976567149162292,"losses/old_approx_kl":0.09992190450429916,"train/return":23.607662200927734,"time/rollout_fps":8529.921819243802,"train/reward":0.478901743888855,"time/rollout_time":1.5005999200511724,"_wandb":{"runtime":681},"eval/success_once":0.125,"eval/success_at_end":0.125,"_runtime":681.111354527,"_timestamp":1.773201204682896e+09,"losses/value_loss":0.0038319246377795935,"charts/SPS":7341,"eval/episode_len":50}