{"time/rollout_fps":8755.410431529157,"charts/scale_k":4.683124542236328,"_timestamp":1.773255838031228e+09,"time/total_update_time":130.6777421640063,"train/episode_len":10.428571701049805,"charts/SPS":5963,"time/rollout_time":1.4619531659996028,"train/success_once":1,"_runtime":838.009944136,"time/total_rollout+update_time":751.1817834890066,"time/eval_time":4.472031670999968,"losses/value_loss":0.01917644403874874,"losses/entropy":2.6918728351593018,"time/update_time":0.07753395600002477,"time/total_rollout_time":620.5040413250003,"_wandb":{"runtime":838},"losses/grad_norm":16.005760192871094,"time/step":4992000,"losses/clipfrac":0.40367648005485535,"losses/old_approx_kl":0.10352812707424164,"train/return":3.6296911239624023,"eval/reward":0.8352594375610352,"charts/learning_rate":0.0003000000142492354,"losses/policy_loss":0.054333046078681946,"eval/success_once":1,"eval/success_at_end":0.9375,"_step":4992000,"eval/return":41.762969970703125,"losses/approx_kl":0.10941705107688904,"train/reward":0.35051947832107544,"charts/explained_variance":0.949505090713501,"time/total_eval_time":81.60401679199913,"eval/episode_len":50}