{"time/rollout_fps":8764.305983493661,"_wandb":{"runtime":690},"train/success_once":0.75,"_step":4992000,"time/rollout_time":1.460469320001721,"time/update_time":0.047210831005941145,"eval/success_once":0.75,"time/eval_time":3.9859030349980458,"eval/success_at_end":0,"time/step":4992000,"eval/episode_len":50,"charts/learning_rate":0.0003000000142492354,"charts/SPS":7238,"losses/old_approx_kl":0.14486949145793915,"losses/clipfrac":0.4221875071525574,"losses/policy_loss":0.049934662878513336,"train/episode_len":29.5,"_runtime":690.435875344,"time/total_rollout_time":535.8936068749317,"losses/grad_norm":8.90900707244873,"time/total_rollout+update_time":620.6958117359463,"charts/scale_k":10.209687232971191,"eval/reward":0.5658020973205566,"losses/value_loss":0.013175631873309612,"time/total_update_time":84.80220486101462,"time/total_eval_time":66.25769461002346,"train/return":12.655536651611328,"losses/entropy":5.118475914001465,"charts/explained_variance":0.9683941006660461,"_timestamp":1.7732995575591502e+09,"eval/return":28.290103912353516,"losses/approx_kl":0.11185725778341293,"train/reward":0.4705839455127716}