{"eval/success_once":0,"eval/success_at_end":0,"_step":371200,"train/return":11.818188667297363,"eval/episode_len":50,"eval/reward":0.35598045587539673,"losses/entropy":10.1967134475708,"time/rollout_fps":9757.498066876451,"_timestamp":1.7734418800805597e+09,"time/total_rollout_time":35.68665373600743,"time/total_eval_time":9.705645195001125,"time/total_update_time":10.376205358999869,"time/total_rollout+update_time":46.0628590950073,"losses/old_approx_kl":0.0221383236348629,"losses/clipfrac":0.31230467557907104,"eval/return":17.799022674560547,"_wandb":{"runtime":56},"train/reward":0.23636376857757568,"losses/approx_kl":0.016926074400544167,"losses/value_loss":0.013873221352696419,"charts/learning_rate":0.0003000000142492354,"time/rollout_time":1.3118116869991354,"time/eval_time":6.064569718000712,"time/step":371200,"losses/policy_loss":-0.0074447463266551495,"charts/explained_variance":0.3683462142944336,"charts/SPS":6600,"_runtime":56.981499892,"losses/grad_norm":2.3459420204162598,"train/episode_len":50,"train/success_once":0,"time/update_time":0.36403295299896854}