{"charts/SPS":7460,"time/update_time":0.07707916000072146,"losses/entropy":4.357965469360352,"time/total_rollout_time":516.1242653359659,"time/total_rollout+update_time":604.7727110879714,"train/episode_len":41.28571701049805,"time/rollout_fps":9025.456181375186,"losses/value_loss":0.016188710927963257,"time/rollout_time":1.4182108630047878,"time/eval_time":3.8371444560034433,"_runtime":669.705134923,"train/return":15.847201347351074,"eval/episode_len":50,"eval/success_once":0.6875,"losses/grad_norm":7.043301105499268,"_step":4992000,"train/reward":0.40861794352531433,"_timestamp":1.7733024435602453e+09,"train/success_once":0.2857142984867096,"charts/explained_variance":0.9567604064941406,"time/total_update_time":88.6484457520055,"losses/policy_loss":0.04904948174953461,"charts/learning_rate":0.0003000000142492354,"time/total_eval_time":61.81263242100249,"time/step":4992000,"losses/clipfrac":0.39185184240341187,"eval/success_at_end":0.125,"losses/old_approx_kl":0.12239810824394226,"losses/approx_kl":0.10129586607217789,"_wandb":{"runtime":669},"eval/reward":0.6039040684700012,"eval/return":30.19520378112793}