{"charts/SPS":6917,"charts/explained_variance":0.9605957865715027,"time/eval_time":4.122752077000769,"time/total_rollout+update_time":5273.517785788048,"train/return":9.19206714630127,"time/total_eval_time":495.41715960201327,"losses/value_loss":0.02169688418507576,"time/rollout_fps":7771.290965180209,"charts/learning_rate":0.0003000000142492354,"_timestamp":1.7734534920925024e+09,"time/total_rollout_time":5113.996395437964,"_runtime":5782.800494653,"eval/success_at_end":0,"losses/approx_kl":0.1264282464981079,"eval/reward":0.7251946330070496,"_step":40000000,"time/step":40000000,"train/episode_len":18.33333396911621,"losses/old_approx_kl":0.11526454985141754,"_wandb":{"runtime":5782},"losses/grad_norm":15.733141899108887,"time/rollout_time":1.6470879879998392,"losses/entropy":-0.5806884169578552,"eval/episode_len":50,"train/reward":0.5035658478736877,"train/success_once":1,"time/total_update_time":159.5213903500844,"losses/policy_loss":0.07985991984605789,"eval/return":36.25973129272461,"losses/clipfrac":0.4116666615009308,"time/update_time":0.02504091299852007,"eval/success_once":0.8125}