{"_timestamp":1.7732189782812402e+09,"time/total_update_time":77.20600407174788,"eval/success_at_end":0.9375,"train/reward":0.4724096953868866,"time/rollout_fps":8639.62421690961,"train/episode_len":48.79999923706055,"train/return":23.00309944152832,"time/update_time":0.042800248018465936,"time/eval_time":4.470159785007127,"_runtime":696.740459958,"losses/entropy":4.4427490234375,"eval/episode_len":50,"charts/learning_rate":0.0003000000142492354,"charts/scale_k":10.71875,"_step":4992000,"losses/policy_loss":0.0435732938349247,"eval/return":35.7224235534668,"train/success_once":0.20000000298023224,"_wandb":{"runtime":696},"losses/grad_norm":9.906478881835938,"losses/value_loss":0.01814962364733219,"charts/SPS":7178,"charts/explained_variance":0.9518769979476929,"losses/clipfrac":0.4019230902194977,"time/rollout_time":1.4815459189703688,"eval/reward":0.7144484519958496,"time/total_rollout_time":539.1081903045997,"time/total_rollout+update_time":616.3141943763476,"losses/approx_kl":0.10756620019674301,"eval/success_once":0.9375,"losses/old_approx_kl":0.09748735278844833,"time/total_eval_time":76.21472496574279,"time/step":4992000}