{"_step":23705600,"train/return":30.347797393798828,"time/total_rollout_time":2996.41062101203,"charts/SPS":6721,"train/episode_len":50.000003814697266,"train/success_once":0,"losses/value_loss":0.020351847633719444,"_wandb":{"runtime":3528},"losses/policy_loss":0.0579368881881237,"charts/learning_rate":0.0003000000142492354,"time/rollout_time":1.6817158710036892,"_runtime":3528.012813566,"eval/success_at_end":0,"train/reward":0.6069559454917908,"_timestamp":1.773309596680724e+09,"charts/scale_k":8.391406059265137,"losses/grad_norm":8.392830848693848,"eval/episode_len":50,"time/step":23705600,"time/rollout_fps":7611.273830912142,"losses/approx_kl":0.10701882839202881,"eval/reward":0.6058585047721863,"eval/success_once":0,"losses/entropy":0.386366605758667,"losses/clipfrac":0.4069230854511261,"time/total_rollout+update_time":3158.123928410976,"losses/old_approx_kl":0.14395080506801605,"eval/return":30.29292106628418,"time/update_time":0.04109254899958614,"time/total_update_time":161.7133073989462,"time/eval_time":5.055969411994738,"charts/explained_variance":0.9709387421607971,"time/total_eval_time":358.7139688979514}