{"time/total_rollout+update_time":593.3952228863491,"losses/clipfrac":0.34031248092651367,"losses/old_approx_kl":0.105595164000988,"eval/success_at_end":0.75,"time/eval_time":4.382110910024494,"charts/explained_variance":0.9586742520332336,"losses/approx_kl":0.10611612349748611,"train/reward":0.5017219185829163,"losses/value_loss":0.014387339353561401,"_wandb":{"runtime":666},"train/return":25.086097717285156,"eval/reward":0.5784879922866821,"losses/policy_loss":0.039462555199861526,"charts/learning_rate":0.0003000000142492354,"train/success_once":0,"losses/grad_norm":11.689833641052246,"_runtime":666.621020564,"losses/entropy":5.919283390045166,"time/rollout_fps":7730.33947600948,"time/rollout_time":1.655813439982012,"eval/episode_len":50,"time/update_time":0.03676625492516905,"train/episode_len":50,"_timestamp":1.7732129200126028e+09,"charts/SPS":7502,"eval/return":28.924400329589844,"_step":4992000,"time/total_rollout_time":525.4985895053251,"time/total_eval_time":69.18606897850987,"time/step":4992000,"eval/success_once":0.75,"charts/support_radius":0.09999999999999998,"time/total_update_time":67.896633381024}