{"eval/return":24.584171295166016,"losses/old_approx_kl":0.07690608501434326,"charts/scale_k":14.701250076293945,"losses/policy_loss":0.02320239692926407,"eval/success_once":0,"train/reward":0.4556284546852112,"time/update_time":0.23956531199655728,"losses/entropy":6.9487481117248535,"losses/approx_kl":0.1053500697016716,"charts/explained_variance":0.9543085098266602,"_runtime":241.579039928,"time/eval_time":4.554073510000308,"time/rollout_time":1.2388869310016162,"train/return":22.781421661376953,"train/episode_len":50,"time/total_eval_time":26.654626240000653,"losses/clipfrac":0.4331481456756592,"time/rollout_fps":10331.85489304617,"charts/learning_rate":0.0003000000142492354,"time/total_rollout_time":163.74268343397125,"time/total_rollout+update_time":212.41339697198418,"_wandb":{"runtime":241},"train/success_once":0,"charts/SPS":6914,"losses/value_loss":0.007086311932653189,"eval/reward":0.4916834235191345,"time/total_update_time":48.67071353801293,"_step":1664000,"eval/episode_len":50,"losses/grad_norm":5.580575466156006,"_timestamp":1.773306043603662e+09,"eval/success_at_end":0,"time/step":1664000}