{"time/total_rollout+update_time":234.83866804477293,"charts/SPS":7327,"time/step":1996800,"losses/old_approx_kl":0.11034432798624039,"losses/clipfrac":0.4575735330581665,"train/episode_len":50.000003814697266,"train/success_once":0,"train/return":22.96135139465332,"_timestamp":1.7731889081918983e+09,"eval/success_once":0,"train/reward":0.4592270851135254,"charts/learning_rate":0.0003000000142492354,"losses/value_loss":0.009456409141421318,"losses/grad_norm":7.4509453773498535,"time/rollout_fps":9983.9106162617,"eval/return":25.606616973876953,"_runtime":273.700823172,"losses/approx_kl":0.10181956738233566,"losses/policy_loss":-0.008572605438530445,"charts/explained_variance":0.9570152759552002,"time/total_rollout_time":189.6576676556142,"time/total_eval_time":35.89346310705878,"time/update_time":0.0960377239389345,"_step":1996800,"time/rollout_time":1.2820627599721774,"eval/episode_len":50,"eval/reward":0.5121323466300964,"time/eval_time":4.95017355796881,"eval/success_at_end":0,"losses/entropy":7.298497200012207,"_wandb":{"runtime":273},"time/total_update_time":45.181000389158726}