{"charts/learning_rate":0.0003000000142492354,"losses/grad_norm":5.316273212432861,"time/total_eval_time":70.68237278598826,"time/update_time":0.02737285301554948,"charts/explained_variance":0.9690048694610596,"time/total_rollout+update_time":563.9502150687622,"eval/episode_len":50,"eval/reward":0.5155322551727295,"losses/entropy":6.715349197387695,"time/rollout_time":1.3745017929468304,"time/total_rollout_time":498.8921453047078,"time/eval_time":4.509964058059268,"charts/SPS":7831,"eval/success_at_end":0,"losses/approx_kl":0.11291923373937607,"time/total_update_time":65.05806976405438,"time/rollout_fps":9312.465116948117,"losses/value_loss":0.012653741985559464,"charts/support_radius":0.4,"_step":4992000,"train/success_once":0,"train/reward":0.47892168164253235,"_timestamp":1.7732136437873693e+09,"eval/return":25.776615142822266,"train/episode_len":50,"_runtime":638.724915366,"losses/clipfrac":0.4011111259460449,"_wandb":{"runtime":638},"train/return":23.94608497619629,"time/step":4992000,"losses/old_approx_kl":0.0801638588309288,"eval/success_once":0,"losses/policy_loss":0.028674406930804253}