{"time/step":4992000,"time/total_eval_time":77.22381381585728,"losses/approx_kl":0.12011359632015228,"charts/learning_rate":0.0003000000142492354,"charts/explained_variance":0.9695858359336853,"time/total_rollout_time":515.5744488986675,"_timestamp":1.773192780916097e+09,"eval/episode_len":50,"time/update_time":0.02005027700215578,"losses/clipfrac":0.4079166352748871,"charts/SPS":7620,"train/reward":0.4924757778644562,"eval/success_once":0.0625,"losses/policy_loss":0.04194328188896179,"losses/value_loss":0.005137277767062187,"time/rollout_fps":8580.854419672783,"losses/entropy":6.551141262054443,"time/eval_time":4.4163274969905615,"losses/grad_norm":9.168991088867188,"train/episode_len":50,"train/success_once":0,"time/total_rollout+update_time":575.1387952431105,"eval/success_at_end":0.0625,"time/total_update_time":59.56434634444304,"eval/return":26.381622314453125,"_wandb":{"runtime":656},"losses/old_approx_kl":0.13048696517944336,"time/rollout_time":1.4916929450118914,"_step":4992000,"_runtime":656.296278603,"train/return":24.62378692626953,"eval/reward":0.527632474899292}