{"charts/explained_variance":0.9733708500862122,"losses/old_approx_kl":0.11757156997919083,"time/total_rollout_time":189.90974977542646,"eval/episode_len":50,"charts/SPS":7352,"_step":1996800,"train/success_once":0,"time/step":1996800,"time/rollout_time":1.2783357510343194,"losses/clipfrac":0.4286956489086151,"train/episode_len":50,"_wandb":{"runtime":272},"eval/success_once":0,"time/eval_time":4.472352503915317,"eval/reward":0.49659788608551025,"time/total_update_time":46.48442273272667,"charts/learning_rate":0.0003000000142492354,"eval/success_at_end":0,"_runtime":272.853544404,"time/rollout_fps":10013.018872110351,"losses/value_loss":0.005282196681946516,"losses/entropy":7.301008701324463,"_timestamp":1.773189367634176e+09,"time/total_eval_time":33.4916029588785,"losses/policy_loss":0.040322285145521164,"eval/return":24.829893112182617,"losses/approx_kl":0.10150185972452164,"train/return":23.56528663635254,"time/update_time":0.189867667038925,"losses/grad_norm":6.8729400634765625,"train/reward":0.4713057577610016,"time/total_rollout+update_time":236.39417250815313}