{"time/total_update_time":55.602679387200624,"_runtime":352.071633188,"time/total_eval_time":58.319249958964065,"eval/return":4.854280471801758,"losses/grad_norm":18.254545211791992,"losses/value_loss":4.4590547076950315e-06,"losses/policy_loss":0.15079261362552643,"eval/success_at_end":0,"losses/entropy":6.541304111480713,"time/eval_time":3.8374857950257137,"time/update_time":0.044087470043450594,"train/return":4.838047027587891,"_wandb":{"runtime":352},"train/reward":0.09676094353199005,"_step":4313600,"time/rollout_time":0.6758027230389416,"time/total_rollout+update_time":289.97800826642197,"_timestamp":1.773206356141389e+09,"losses/approx_kl":0.1592385321855545,"eval/success_once":0,"time/rollout_fps":18940.438627475654,"time/step":4313600,"train/success_once":0,"charts/learning_rate":0.0003000000142492354,"charts/explained_variance":0.9699668288230896,"charts/SPS":12292,"losses/old_approx_kl":0.13290970027446747,"eval/episode_len":50,"time/total_rollout_time":234.37532887922134,"eval/reward":0.0970856100320816,"losses/clipfrac":0.29053574800491333,"train/episode_len":50}