{"losses/old_approx_kl":0.17499800026416779,"time/total_eval_time":806.516696420993,"time/rollout_fps":8567.510962315768,"charts/SPS":6400,"eval/reward":0.8231503963470459,"losses/grad_norm":19.857147216796875,"train/success_once":0.4000000059604645,"time/total_rollout_time":5260.6588897590555,"eval/success_at_end":0.90625,"time/update_time":0.026566958003968466,"losses/value_loss":0.015741471201181412,"eval/success_once":0.96875,"time/step":40000000,"charts/learning_rate":0.0003000000142492354,"eval/return":41.15751647949219,"_step":40000000,"time/total_rollout+update_time":5430.133778610179,"time/rollout_time":1.4940161799968337,"train/reward":0.6294551491737366,"_timestamp":1.773553470474419e+09,"_runtime":6250.171053096,"losses/approx_kl":0.1668466180562973,"losses/clipfrac":0.3474999964237213,"charts/explained_variance":0.9726064205169678,"losses/policy_loss":0.09367572516202927,"time/eval_time":6.260900915003731,"_wandb":{"runtime":6250},"eval/episode_len":50,"losses/entropy":0.5289018154144287,"train/return":25.319406509399414,"train/episode_len":36.5,"time/total_update_time":169.47488885112398}