{"losses/policy_loss":0.05474281311035156,"time/total_rollout+update_time":604.8570848570671,"losses/approx_kl":0.150712788105011,"train/success_once":0,"eval/episode_len":50,"time/total_rollout_time":541.9540002513677,"_wandb":{"runtime":678},"charts/explained_variance":0.9709481596946716,"train/episode_len":50,"time/step":4992000,"eval/success_once":0.875,"train/return":24.730823516845703,"eval/reward":0.5791934132575989,"losses/grad_norm":9.631965637207031,"losses/entropy":5.399444580078125,"eval/return":28.959667205810547,"time/total_eval_time":69.32597663917113,"time/eval_time":4.564953015069477,"charts/learning_rate":0.0003000000142492354,"train/reward":0.49461647868156433,"charts/SPS":7374,"_runtime":678.152745884,"losses/clipfrac":0.46369996666908264,"time/rollout_time":1.4511517899809405,"_step":4992000,"losses/value_loss":0.005075001623481512,"time/total_update_time":62.903084605699405,"time/rollout_fps":8820.579685994197,"losses/old_approx_kl":0.1261979639530182,"_timestamp":1.7732079377548218e+09,"time/update_time":0.07073072099592537,"eval/success_at_end":0.875}