{"_step":4992000,"eval/return":39.26929473876953,"eval/success_at_end":1,"losses/old_approx_kl":0.06696358323097229,"time/eval_time":4.718988390057348,"time/total_update_time":73.343457584735,"charts/scale_k":11.622968673706055,"eval/reward":0.7853859066963196,"time/rollout_fps":8707.976670499635,"train/return":24.50338363647461,"_wandb":{"runtime":707},"time/total_rollout+update_time":623.2492160097463,"losses/entropy":5.018189430236816,"charts/learning_rate":0.0003000000142492354,"time/step":4992000,"eval/episode_len":50,"losses/grad_norm":9.376497268676758,"losses/clipfrac":0.40544116497039795,"eval/success_once":1,"losses/value_loss":0.005898136179894209,"train/episode_len":50,"losses/policy_loss":0.08683131635189056,"time/update_time":0.0495203179307282,"time/rollout_time":1.4699166619684547,"train/reward":0.49006766080856323,"_runtime":707.372110765,"_timestamp":1.7732174757498384e+09,"losses/approx_kl":0.11268943548202515,"time/total_rollout_time":549.9057584250113,"train/success_once":0,"charts/explained_variance":0.9755514860153198,"charts/SPS":7068,"time/total_eval_time":80.15390471799765}