{"time/total_rollout+update_time":718.2962576640009,"losses/approx_kl":0.12454544007778168,"losses/value_loss":0.028434131294488907,"time/update_time":0.141079072000025,"charts/learning_rate":0.0003000000142492354,"time/step":4992000,"eval/success_once":1,"train/episode_len":10.920000076293945,"train/return":3.8904049396514893,"eval/reward":0.6288913488388062,"time/total_update_time":108.74656259700097,"_wandb":{"runtime":802},"charts/scale_k":4.338593482971191,"time/total_eval_time":78.90982494399996,"losses/grad_norm":32.04804992675781,"eval/return":31.444564819335938,"_timestamp":1.7732526801205568e+09,"_step":4992000,"time/eval_time":4.545399861999954,"time/rollout_time":1.5968183270000509,"_runtime":802.454948297,"charts/SPS":6231,"charts/explained_variance":0.9462270140647888,"losses/entropy":3.818486213684082,"eval/success_at_end":0.5,"losses/policy_loss":0.11178445816040039,"losses/old_approx_kl":0.10966101288795471,"time/total_rollout_time":609.5496950669999,"train/reward":0.36376821994781494,"time/rollout_fps":8015.940062541374,"eval/episode_len":50,"losses/clipfrac":0.45034483075141907,"train/success_once":1}