{"charts/SPS":7214,"losses/approx_kl":0.10608336329460144,"time/update_time":0.13472330197691917,"time/eval_time":4.4891373390564695,"eval/success_once":1,"losses/policy_loss":0.02582322061061859,"losses/old_approx_kl":0.10817507654428482,"_wandb":{"runtime":693},"_runtime":693.170352047,"train/return":24.005035400390625,"train/success_once":0,"time/total_rollout_time":543.5760412628297,"eval/success_at_end":1,"time/total_eval_time":75.0711017982103,"eval/return":39.293617248535156,"train/reward":0.48010072112083435,"train/episode_len":50,"charts/explained_variance":0.9632250070571899,"eval/reward":0.7858723402023315,"time/total_update_time":70.38068026921246,"time/step":4992000,"time/rollout_fps":8750.116202331688,"_step":4992000,"losses/value_loss":0.009435614570975304,"_timestamp":1.773218250628478e+09,"eval/episode_len":50,"time/total_rollout+update_time":613.9567215320421,"charts/learning_rate":0.0003000000142492354,"losses/grad_norm":5.064513206481934,"losses/entropy":5.119452476501465,"charts/scale_k":11.29671859741211,"losses/clipfrac":0.455930233001709,"time/rollout_time":1.4628377159824595}