{"eval/success_once":0,"time/eval_time":3.8471064850000403,"charts/learning_rate":0.0003000000142492354,"time/total_eval_time":64.35128067999904,"charts/explained_variance":0.9365336894989014,"losses/old_approx_kl":0.1436872035264969,"charts/SPS":6470,"eval/return":17.666568756103516,"losses/grad_norm":6.048748016357422,"eval/reward":0.35333138704299927,"time/total_update_time":72.05162684200786,"train/reward":0.3287044167518616,"train/return":16.435222625732422,"losses/entropy":6.474436283111572,"time/rollout_time":1.8101118560007308,"losses/value_loss":0.004100761841982603,"losses/policy_loss":0.03120521456003189,"eval/episode_len":50,"train/episode_len":50,"time/total_rollout_time":632.3371899579843,"time/total_rollout+update_time":704.3888167999921,"_timestamp":1.7732602868909123e+09,"time/rollout_fps":7071.3862005635265,"_wandb":{"runtime":772},"eval/success_at_end":0,"charts/scale_k":18.153594970703125,"losses/clipfrac":0.4401785731315613,"train/success_once":0,"time/update_time":0.044379901000866084,"_runtime":772.12578734,"losses/approx_kl":0.11210456490516663,"time/step":4992000,"_step":4992000}