{"losses/clipfrac":0.34861111640930176,"time/eval_time":4.544928426039405,"charts/SPS":7616,"time/rollout_time":1.4199210179504007,"charts/learning_rate":0.0003000000142492354,"time/total_rollout+update_time":584.1594321059529,"time/update_time":0.029059052001684904,"time/step":4992000,"time/total_update_time":63.439023068291135,"losses/value_loss":0.004156838171184063,"losses/approx_kl":0.10069415718317032,"losses/old_approx_kl":0.08027765154838562,"eval/episode_len":50,"eval/reward":0.7267850637435913,"charts/support_radius":0.09999999999999998,"_timestamp":1.7732108741442785e+09,"losses/entropy":6.201358318328857,"losses/policy_loss":0.10389439016580582,"_step":4992000,"losses/grad_norm":20.57296371459961,"train/reward":0.47971290349960327,"charts/explained_variance":0.9708232283592224,"train/success_once":0.2222222238779068,"_runtime":656.64285691,"time/rollout_fps":9014.58590878265,"train/return":22.980207443237305,"time/total_rollout_time":520.7204090376617,"_wandb":{"runtime":656},"eval/success_once":1,"time/total_eval_time":68.59016431390774,"eval/return":36.339256286621094,"eval/success_at_end":1,"train/episode_len":47.66666793823242}