{"time/eval_time":5.417191875982098,"eval/episode_len":50,"time/rollout_fps":9644.62764479145,"time/total_eval_time":34.35967660788447,"charts/SPS":7229,"_timestamp":1.7731901452714827e+09,"train/episode_len":50,"eval/reward":0.5044684410095215,"_runtime":277.395856569,"losses/value_loss":0.008203799836337566,"eval/success_once":0.0625,"time/step":1996800,"losses/policy_loss":0.017066888511180878,"losses/old_approx_kl":0.12868808209896088,"train/return":22.987260818481445,"time/total_rollout+update_time":240.14889260777272,"charts/explained_variance":0.9617623686790466,"eval/success_at_end":0.0625,"eval/return":25.22342300415039,"losses/entropy":7.302689552307129,"train/success_once":0,"_step":1996800,"charts/learning_rate":0.0003000000142492354,"losses/grad_norm":6.826909065246582,"time/rollout_time":1.3271637300495058,"losses/clipfrac":0.4153749942779541,"_wandb":{"runtime":277},"time/total_update_time":47.102970727253705,"train/reward":0.4597451686859131,"time/total_rollout_time":193.04592188051902,"losses/approx_kl":0.11884161084890366,"time/update_time":0.06186487898230553}