{"time/update_time":0.030591607999667758,"time/total_rollout+update_time":618.7617024560159,"eval/success_at_end":0.4375,"time/step":4992000,"_step":4992000,"losses/policy_loss":0.07590078562498093,"charts/SPS":7270,"_runtime":687.334632741,"eval/return":32.098358154296875,"train/success_once":1,"time/rollout_time":1.3532504579998204,"losses/approx_kl":0.10808849334716797,"train/return":3.7984156608581543,"charts/learning_rate":0.0003000000142492354,"train/reward":0.3401632308959961,"time/total_rollout_time":537.6044934810116,"losses/entropy":3.7600865364074707,"train/episode_len":11.3125,"time/total_eval_time":64.9429343769998,"losses/old_approx_kl":0.10531972348690033,"charts/explained_variance":0.9539206027984619,"_wandb":{"runtime":687},"_timestamp":1.7732585107437103e+09,"eval/success_once":1,"eval/episode_len":50,"time/total_update_time":81.15720897500432,"time/rollout_fps":9458.707310484944,"losses/grad_norm":17.292688369750977,"eval/reward":0.6419671177864075,"time/eval_time":3.9519558149995646,"losses/clipfrac":0.38305559754371643,"losses/value_loss":0.020724469795823097}