{"train/reward":0.46427595615386963,"eval/episode_len":50,"time/update_time":0.07407995010726154,"charts/learning_rate":0.0003000000142492354,"time/eval_time":4.515787931974046,"charts/explained_variance":0.9696254134178162,"eval/reward":0.5213027596473694,"losses/value_loss":0.012254299595952034,"time/total_update_time":64.08599478646647,"charts/SPS":7505,"train/return":23.213796615600586,"time/total_rollout+update_time":590.6959453634918,"losses/old_approx_kl":0.08691331744194031,"losses/policy_loss":0.021169861778616905,"eval/success_once":0,"_step":4992000,"losses/entropy":6.502206802368164,"time/total_rollout_time":526.6099505770253,"time/total_eval_time":71.6763643247541,"eval/return":26.065139770507812,"losses/approx_kl":0.13030780851840973,"time/rollout_time":1.3933583720354363,"losses/clipfrac":0.3956249952316284,"eval/success_at_end":0,"train/success_once":0,"train/episode_len":50,"time/step":4992000,"charts/support_radius":0.09999999999999998,"losses/grad_norm":5.2911458015441895,"_timestamp":1.7732095061581552e+09,"_runtime":666.277884975,"_wandb":{"runtime":666},"time/rollout_fps":9186.437787215928}