{"train/episode_len":50.000003814697266,"losses/value_loss":0.007242328952997923,"_runtime":677.024043446,"train/return":25.32866859436035,"eval/episode_len":50,"time/total_update_time":65.39568479044829,"charts/explained_variance":0.9720489382743835,"train/reward":0.5065733790397644,"time/total_rollout_time":540.9631929830648,"_wandb":{"runtime":677},"losses/policy_loss":0.04582565277814865,"time/total_eval_time":66.73448215203825,"losses/grad_norm":7.110020160675049,"eval/success_at_end":1,"losses/clipfrac":0.4205000102519989,"eval/return":38.48312759399414,"train/success_once":0,"eval/success_once":1,"time/rollout_time":1.5332806539954618,"time/update_time":0.06556726596318185,"losses/old_approx_kl":0.19603072106838226,"time/step":4992000,"charts/SPS":7385,"losses/approx_kl":0.15815603733062744,"eval/reward":0.7696625590324402,"losses/entropy":5.4214324951171875,"time/rollout_fps":8348.112895473789,"_timestamp":1.7731976739128058e+09,"time/eval_time":3.966262703994289,"charts/learning_rate":0.0003000000142492354,"time/total_rollout+update_time":606.3588777735131,"_step":4992000}