{"_wandb":{"runtime":661},"losses/policy_loss":0.022456146776676178,"train/success_once":0,"time/total_update_time":59.481817927910015,"_step":4992000,"eval/success_at_end":0,"charts/learning_rate":0.0003000000142492354,"_runtime":661.665748142,"time/rollout_fps":8911.963299028856,"time/rollout_time":1.4362716239411384,"time/total_rollout+update_time":575.3693676842377,"eval/success_once":0,"eval/reward":0.49951422214508057,"losses/clipfrac":0.4578845798969269,"time/total_eval_time":82.47837190609425,"train/return":21.152639389038086,"train/episode_len":50,"eval/episode_len":50,"time/eval_time":5.57393086492084,"losses/approx_kl":0.15503287315368652,"losses/grad_norm":5.654921054840088,"losses/value_loss":0.006729308981448412,"train/reward":0.4230527877807617,"time/update_time":0.07323113002348691,"losses/entropy":6.1372504234313965,"eval/return":24.975711822509766,"charts/explained_variance":0.9713794589042664,"losses/old_approx_kl":0.1109807938337326,"charts/SPS":7556,"time/step":4992000,"time/total_rollout_time":515.8875497563276,"_timestamp":1.7731951732287958e+09}