{"time/total_rollout+update_time":3208.801714819041,"eval/success_at_end":0,"losses/policy_loss":0.03296050801873207,"losses/entropy":0.028227806091308594,"train/episode_len":50,"charts/explained_variance":0.9703415036201477,"time/total_eval_time":411.0284371300513,"_step":24371200,"charts/SPS":6714,"losses/clipfrac":0.4132142961025238,"_timestamp":1.7733244785202527e+09,"eval/reward":0.5891823768615723,"losses/old_approx_kl":0.11334001272916794,"time/total_update_time":162.42343935485405,"eval/episode_len":50,"time/step":24371200,"time/rollout_time":1.6528702929936117,"_runtime":3631.87203791,"train/reward":0.6008703708648682,"losses/grad_norm":14.345070838928223,"charts/learning_rate":0.0003000000142492354,"train/success_once":0,"losses/value_loss":0.010692206211388111,"eval/return":29.459117889404297,"time/update_time":0.02326254999206867,"_wandb":{"runtime":3631},"time/rollout_fps":7744.104334295439,"eval/success_once":0.0625,"losses/approx_kl":0.10852053761482239,"time/eval_time":5.241913377001765,"train/return":30.043519973754883,"time/total_rollout_time":3046.378275464187}