{"losses/policy_loss":0.041200730949640274,"time/eval_time":5.7289644840639085,"train/reward":0.45469382405281067,"losses/grad_norm":5.731594085693359,"time/total_rollout_time":187.5543718780391,"time/update_time":0.1597456430317834,"time/step":1996800,"losses/value_loss":0.00920106004923582,"time/rollout_fps":9665.856221099408,"losses/entropy":7.357541561126709,"eval/reward":0.5212233066558838,"_step":1996800,"train/success_once":0,"losses/clipfrac":0.4326818287372589,"eval/success_once":0.0625,"_wandb":{"runtime":273},"eval/success_at_end":0.0625,"time/rollout_time":1.324248955002986,"train/return":22.73468780517578,"time/total_update_time":45.32745617639739,"charts/SPS":7343,"losses/approx_kl":0.10081340372562408,"eval/return":26.06116485595703,"train/episode_len":49.999996185302734,"charts/explained_variance":0.9668260216712952,"eval/episode_len":50,"time/total_rollout+update_time":232.88182805443648,"time/total_eval_time":37.400299308937974,"_timestamp":1.7731885003395493e+09,"_runtime":273.098489391,"losses/old_approx_kl":0.0988411009311676,"charts/learning_rate":0.0003000000142492354}