{"_runtime":666.814551634,"time/rollout_time":1.4662893699714914,"train/return":24.249116897583008,"eval/success_once":0.3125,"time/total_eval_time":75.1969184500631,"time/rollout_fps":8729.518376204873,"train/success_once":0,"losses/value_loss":0.004934222903102636,"time/update_time":0.09827836800832301,"charts/learning_rate":0.0003000000142492354,"eval/success_at_end":0.25,"charts/SPS":7498,"losses/entropy":6.1811981201171875,"losses/clipfrac":0.44242188334465027,"time/total_rollout+update_time":587.7942354199477,"train/reward":0.4849822521209717,"time/eval_time":4.12101344903931,"time/total_rollout_time":525.6395635575755,"charts/explained_variance":0.9734786152839661,"_wandb":{"runtime":666},"losses/approx_kl":0.12797106802463531,"time/total_update_time":62.1546718623722,"losses/old_approx_kl":0.1252780556678772,"time/step":4992000,"losses/grad_norm":7.609425067901611,"train/episode_len":50,"eval/return":27.583663940429688,"losses/policy_loss":0.060508016496896744,"eval/episode_len":50,"eval/reward":0.5516732931137085,"_step":4992000,"_timestamp":1.773196946776453e+09}