{"eval/reward":0.6124734878540039,"losses/old_approx_kl":0.12918072938919067,"train/reward":0.4408954679965973,"charts/explained_variance":0.975852370262146,"time/eval_time":4.061414347997925,"train/success_once":0.5555555820465088,"eval/return":30.623674392700195,"time/total_rollout+update_time":635.098631978035,"_timestamp":1.7733002905924807e+09,"eval/episode_len":50,"time/total_update_time":92.25596757800668,"time/step":4992000,"losses/policy_loss":0.03988375887274742,"time/rollout_fps":8103.814923921231,"_wandb":{"runtime":703},"_runtime":703.748900447,"train/return":16.123823165893555,"losses/approx_kl":0.10508569329977036,"time/total_rollout_time":542.8426644000283,"_step":4992000,"losses/value_loss":0.011640336364507675,"time/update_time":0.03795127099874662,"charts/learning_rate":0.0003000000142492354,"train/episode_len":39.22222137451172,"losses/grad_norm":8.766683578491211,"eval/success_once":0.75,"charts/SPS":7100,"losses/entropy":4.901576042175293,"time/rollout_time":1.5795030020017293,"eval/success_at_end":0.125,"losses/clipfrac":0.3383333384990692,"time/total_eval_time":65.37232729699463}