{"time/update_time":0.05120693799108267,"time/rollout_time":1.4735333210555837,"_timestamp":1.7731934776457925e+09,"losses/entropy":6.015323162078857,"train/reward":0.47586590051651,"eval/return":29.151004791259766,"train/episode_len":50.000003814697266,"time/rollout_fps":8686.603700845097,"_runtime":657.071077621,"_wandb":{"runtime":657},"eval/reward":0.5830200910568237,"losses/clipfrac":0.45656248927116394,"charts/SPS":7611,"time/total_rollout_time":516.8705421580235,"losses/grad_norm":8.326587677001953,"charts/explained_variance":0.9697288274765015,"eval/success_once":0.875,"losses/old_approx_kl":0.13543954491615295,"losses/policy_loss":0.05110882967710495,"eval/success_at_end":0.8125,"losses/value_loss":0.017862441018223763,"train/return":23.79329490661621,"charts/learning_rate":0.0003000000142492354,"eval/episode_len":50,"time/step":4992000,"train/success_once":0,"time/total_rollout+update_time":581.5275641793851,"_step":4992000,"time/eval_time":4.472541659954004,"time/total_eval_time":71.56133917579427,"losses/approx_kl":0.12128476053476334,"time/total_update_time":64.65702202136163}