{"losses/old_approx_kl":0.15936698019504547,"_runtime":5887.319472426,"time/update_time":0.01371511500019551,"time/total_rollout_time":5204.897866611998,"eval/episode_len":50,"_timestamp":1.7733390161735337e+09,"time/eval_time":3.9056384519999483,"losses/clipfrac":0.3714999854564667,"_wandb":{"runtime":5887},"charts/explained_variance":0.9417984485626221,"losses/policy_loss":0.06360293179750443,"time/total_rollout+update_time":5379.163000895998,"eval/success_once":0.875,"losses/grad_norm":13.694504737854004,"train/episode_len":17.454545974731445,"time/total_eval_time":495.0440246519979,"train/success_once":1,"train/reward":0.43284592032432556,"time/rollout_fps":8221.81974302017,"time/total_update_time":174.26513428399977,"_step":40000000,"time/rollout_time":1.556832964000023,"eval/success_at_end":0.1875,"time/step":40000000,"eval/return":32.342315673828125,"train/return":7.513253211975098,"losses/value_loss":0.04785745218396187,"losses/entropy":-1.5761886835098267,"losses/approx_kl":0.13573764264583588,"eval/reward":0.6468462944030762,"charts/SPS":6794,"charts/learning_rate":0.0003000000142492354}