{"eval/episode_len":50,"losses/policy_loss":0.03758004680275917,"train/return":23.986652374267578,"losses/old_approx_kl":0.09170540422201157,"time/rollout_time":1.3725334380287677,"charts/SPS":6871,"train/episode_len":50,"eval/reward":0.6127772331237793,"_step":1996800,"_runtime":291.751952446,"eval/success_once":0.875,"charts/learning_rate":0.0003000000142492354,"train/success_once":0,"losses/clipfrac":0.3306250274181366,"losses/value_loss":0.005578162614256144,"time/update_time":0.013470320962369442,"eval/return":30.63886260986328,"train/reward":0.4797329902648926,"losses/grad_norm":7.805583477020264,"losses/entropy":6.942934513092041,"_timestamp":1.7731872497218666e+09,"losses/approx_kl":0.10238082706928253,"time/eval_time":4.849721972015686,"eval/success_at_end":0.875,"time/step":1996800,"time/total_rollout_time":194.01156539982185,"charts/explained_variance":0.9639798402786255,"time/total_rollout+update_time":240.05226295883767,"time/total_eval_time":48.835667778970674,"time/rollout_fps":9325.820155160196,"time/total_update_time":46.040697559015825,"_wandb":{"runtime":291}}