{"time/rollout_fps":7501.841671362666,"train/success_once":0,"time/total_update_time":558.2045985679543,"time/total_rollout+update_time":11149.669653104926,"_runtime":13108.993743378,"losses/approx_kl":0.26222339272499084,"time/eval_time":7.670515535000959,"_timestamp":1.7735162455044355e+09,"time/total_rollout_time":10591.465054536971,"losses/entropy":-5.419464588165283,"time/update_time":0.007363011000052211,"train/reward":0.5717927813529968,"losses/clipfrac":0.3762499988079071,"charts/explained_variance":0.9539310932159424,"_wandb":{"runtime":13108},"losses/grad_norm":42.06678771972656,"eval/return":36.389625549316406,"eval/reward":0.3638962209224701,"charts/SPS":6102,"time/total_eval_time":1928.4859139109954,"eval/success_once":0,"losses/policy_loss":0.04566778242588043,"_step":80000000,"time/step":80000000,"train/return":57.17927551269531,"train/episode_len":100,"losses/old_approx_kl":0.2701687216758728,"eval/episode_len":100,"charts/learning_rate":0.0003000000142492354,"time/rollout_time":1.7062476869996317,"losses/value_loss":0.04128856584429741,"eval/success_at_end":0}