{"eval/success_at_end":0.875,"losses/value_loss":0.02769029513001442,"_runtime":673.680444366,"time/eval_time":4.3653129449812695,"eval/return":32.471473693847656,"train/return":22.313705444335938,"_step":4992000,"charts/SPS":7423,"time/step":4992000,"time/total_rollout+update_time":600.7613309115404,"time/update_time":0.022209109039977193,"losses/policy_loss":0.00880926102399826,"eval/reward":0.6494295001029968,"losses/approx_kl":0.10793972760438919,"time/rollout_fps":8295.323007521176,"losses/entropy":5.149666786193848,"time/rollout_time":1.5430381660116836,"train/reward":0.4724535048007965,"charts/explained_variance":0.9602095484733582,"time/total_eval_time":68.99334218271542,"losses/clipfrac":0.3187499940395355,"losses/old_approx_kl":0.10216614603996277,"time/total_update_time":67.01853216346353,"charts/learning_rate":0.0003000000142492354,"_wandb":{"runtime":673},"_timestamp":1.7732070641053603e+09,"eval/success_once":0.875,"train/success_once":0.1111111119389534,"train/episode_len":47,"time/total_rollout_time":533.7427987480769,"eval/episode_len":50,"losses/grad_norm":7.793453216552734}