{"losses/clipfrac":0.4181249737739563,"_runtime":667.703297624,"losses/policy_loss":0.056850891560316086,"charts/learning_rate":0.0003000000142492354,"eval/success_at_end":0,"_step":4992000,"charts/SPS":7490,"time/total_rollout_time":534.047899791738,"losses/value_loss":0.006034093908965588,"_wandb":{"runtime":667},"losses/approx_kl":0.12478835880756378,"eval/return":24.154386520385742,"train/return":23.1938533782959,"time/total_rollout+update_time":592.8838980356231,"eval/reward":0.4830877184867859,"time/total_update_time":58.835998243885115,"train/episode_len":50,"train/reward":0.46387702226638794,"time/step":4992000,"time/eval_time":4.719742072978988,"_timestamp":1.773208653703219e+09,"time/total_eval_time":70.78172033489682,"eval/success_once":0,"train/success_once":0,"losses/grad_norm":10.572423934936523,"losses/entropy":6.219156265258789,"time/rollout_time":1.456573651987128,"time/update_time":0.06209199293516576,"charts/explained_variance":0.9681413173675537,"eval/episode_len":50,"time/rollout_fps":8787.746491595275,"losses/old_approx_kl":0.1256493479013443}