{"time/eval_time":4.759137804969214,"train/return":22.420574188232422,"eval/return":25.238235473632812,"_wandb":{"runtime":278},"losses/grad_norm":8.010416984558105,"charts/learning_rate":0.0003000000142492354,"time/total_rollout+update_time":238.94642242940608,"losses/entropy":7.06127405166626,"losses/clipfrac":0.3942045271396637,"eval/success_once":0,"eval/reward":0.5047646760940552,"time/total_update_time":46.22483006049879,"time/total_rollout_time":192.7215923689073,"losses/approx_kl":0.10418611019849777,"losses/old_approx_kl":0.13848748803138733,"time/rollout_time":1.4630853520939127,"train/success_once":0,"time/total_eval_time":36.51355936785694,"eval/success_at_end":0,"_timestamp":1.7731875786070042e+09,"_runtime":278.371116696,"charts/explained_variance":0.9651641249656677,"time/update_time":0.06967758690007031,"eval/episode_len":50,"charts/SPS":7206,"losses/value_loss":0.0060292864218354225,"time/rollout_fps":8748.635191843812,"time/step":1996800,"train/reward":0.4484114646911621,"train/episode_len":50,"_step":1996800,"losses/policy_loss":0.07465218007564545}