{"time/total_rollout+update_time":580.7079702942865,"eval/reward":0.5069352984428406,"losses/value_loss":0.006810760125517845,"time/update_time":0.06306320696603507,"eval/return":25.346763610839844,"losses/approx_kl":0.10182584822177887,"time/rollout_time":1.4546393619384617,"eval/success_at_end":0,"train/reward":0.48241356015205383,"eval/success_once":0,"_timestamp":1.7732000198528898e+09,"time/total_rollout_time":518.0862194405636,"time/rollout_fps":8799.431896949796,"train/success_once":0,"train/episode_len":50.000003814697266,"time/total_update_time":62.621750853722915,"_wandb":{"runtime":659},"losses/entropy":6.161996841430664,"_step":4992000,"train/return":24.120677947998047,"charts/learning_rate":0.0003000000142492354,"eval/episode_len":50,"losses/old_approx_kl":0.10288020968437195,"losses/grad_norm":13.511110305786133,"time/step":4992000,"time/eval_time":4.574481540941633,"_runtime":659.466286173,"losses/clipfrac":0.3795454502105713,"time/total_eval_time":74.85258524690289,"charts/explained_variance":0.972994863986969,"charts/SPS":7582,"losses/policy_loss":0.030361415818333626}