{"losses/approx_kl":0.11829011887311935,"losses/value_loss":0.024693217128515244,"eval/success_once":1,"_runtime":655.089927053,"time/total_update_time":72.31866410299608,"_wandb":{"runtime":655},"_timestamp":1.773259213978732e+09,"losses/policy_loss":0.06767161190509796,"charts/SPS":7627,"time/rollout_fps":10214.808468169005,"train/return":3.773085832595825,"time/eval_time":4.022833666000224,"losses/clipfrac":0.5049999952316284,"time/total_rollout_time":515.8385141259978,"train/reward":0.3248044550418854,"time/step":4992000,"eval/success_at_end":0.5625,"eval/episode_len":50,"time/rollout_time":1.2530827219998173,"eval/return":35.642723083496094,"train/success_once":1,"_step":4992000,"losses/entropy":3.8849987983703613,"charts/learning_rate":0.0003000000142492354,"time/update_time":0.04424479000044812,"charts/explained_variance":0.9524837732315063,"time/total_rollout+update_time":588.1571782289939,"losses/grad_norm":12.629433631896973,"eval/reward":0.7128543853759766,"time/total_eval_time":63.57427853399804,"losses/old_approx_kl":0.12720739841461182,"train/episode_len":11.800000190734863}