{"time/total_update_time":59.00349918275606,"time/total_rollout_time":534.0435225866968,"losses/old_approx_kl":0.094203419983387,"eval/episode_len":50,"train/success_once":0,"time/eval_time":4.388184218900278,"_timestamp":1.773198472935283e+09,"charts/explained_variance":0.9764658808708191,"losses/entropy":6.233420372009277,"losses/approx_kl":0.10329524427652359,"train/episode_len":50.000003814697266,"eval/success_at_end":1,"time/total_eval_time":69.26441354688723,"train/reward":0.4718247354030609,"losses/value_loss":0.002902350854128599,"_runtime":666.070931891,"eval/reward":0.6937754154205322,"charts/learning_rate":0.0003000000142492354,"charts/SPS":7506,"losses/policy_loss":0.03503812476992607,"train/return":23.59123420715332,"eval/success_once":1,"time/rollout_fps":8712.720007718968,"time/update_time":0.06825350702274591,"losses/clipfrac":0.4375,"time/rollout_time":1.4691164169926196,"losses/grad_norm":11.78795337677002,"eval/return":34.68877029418945,"_step":4992000,"time/total_rollout+update_time":593.0470217694528,"time/step":4992000,"_wandb":{"runtime":666}}