{"train/reward":0.4461672902107239,"_runtime":668.93719911,"losses/grad_norm":10.016803741455078,"eval/episode_len":50,"charts/explained_variance":0.9593139290809631,"losses/approx_kl":0.1064450740814209,"losses/value_loss":0.008550367318093777,"charts/learning_rate":0.0003000000142492354,"time/eval_time":4.091067549074069,"train/episode_len":50.000003814697266,"eval/reward":0.6296684741973877,"time/total_update_time":61.62501342210453,"time/update_time":0.027707437984645367,"time/step":4992000,"losses/old_approx_kl":0.07755611836910248,"losses/clipfrac":0.4588889181613922,"eval/success_once":0.625,"_timestamp":1.7731941869312227e+09,"losses/policy_loss":0.035976968705654144,"eval/success_at_end":0.625,"time/total_eval_time":66.93907693005167,"eval/return":31.483421325683594,"time/total_rollout+update_time":598.0227371988585,"time/rollout_fps":8965.612227502304,"train/return":22.308366775512695,"train/success_once":0,"losses/entropy":5.751070499420166,"time/total_rollout_time":536.397723776754,"time/rollout_time":1.4276771820150316,"_wandb":{"runtime":668},"_step":4992000,"charts/SPS":7475}